time_casa,time_fora,gols_casa,gols_fora
Girona FC,Rayo Vallecano de Madrid,1,3
Villarreal CF,Real Oviedo,2,0
RCD Mallorca,Barcelona FC,0,3
Deportivo Alavés,Levante UD,2,1
Valencia CF,Real Sociedad de Fútbol,1,1
RC Celta de Vigo,Getafe CF,0,2
Athletic Club,Sevilla FC,3,2
RCD Espanyol de Barcelona,Club Atlético de Madrid,2,1
Elche CF,Real Betis Balompié,1,1
Real Madrid CF,CA Osasuna,1,0
Real Betis Balompié,Deportivo Alavés,1,0
RCD Mallorca,RC Celta de Vigo,1,1
Club Atlético de Madrid,Elche CF,1,1
Levante UD,Barcelona FC,2,3
CA Osasuna,Valencia CF,1,0
Real Sociedad de Fútbol,RCD Espanyol de Barcelona,2,2
Villarreal CF,Girona FC,5,0
Real Oviedo,Real Madrid CF,0,3
Athletic Club,Rayo Vallecano de Madrid,1,0
Sevilla FC,Getafe CF,1,2
RC Celta de Vigo,Real Betis Balompié,1,1
Elche CF,Levante UD,2,0
Valencia CF,Getafe CF,3,0
Deportivo Alavés,Club Atlético de Madrid,1,1
Real Oviedo,Real Sociedad de Fútbol,1,0
Girona FC,Sevilla FC,0,2
Real Madrid CF,RCD Mallorca,2,1
RC Celta de Vigo,Villarreal CF,1,1
Real Betis Balompié,Athletic Club,1,2
RCD Espanyol de Barcelona,CA Osasuna,1,0
Rayo Vallecano de Madrid,Barcelona FC,1,1
Sevilla FC,Elche CF,2,2
Getafe CF,Real Oviedo,2,0
Real Sociedad de Fútbol,Real Madrid CF,1,2
Athletic Club,Deportivo Alavés,0,1
Club Atlético de Madrid,Villarreal CF,2,0
RC Celta de Vigo,Girona FC,1,1
Levante UD,Real Betis Balompié,2,2
CA Osasuna,Rayo Vallecano de Madrid,2,0
Barcelona FC,Valencia CF,6,0
RCD Espanyol de Barcelona,RCD Mallorca,3,2
Real Betis Balompié,Real Sociedad de Fútbol,3,1
Girona FC,Levante UD,0,4
Real Madrid CF,RCD Espanyol de Barcelona,2,0
Villarreal CF,CA Osasuna,2,1
Deportivo Alavés,Sevilla FC,1,2
Valencia CF,Athletic Club,2,0
Rayo Vallecano de Madrid,RC Celta de Vigo,1,1
RCD Mallorca,Club Atlético de Madrid,1,1
Elche CF,Real Oviedo,1,0
Barcelona FC,Getafe CF,3,0
Athletic Club,Girona FC,1,1
RCD Espanyol de Barcelona,Valencia CF,2,2
Levante UD,Real Madrid CF,1,4
Sevilla FC,Villarreal CF,1,2
Getafe CF,Deportivo Alavés,1,1
Club Atlético de Madrid,Rayo Vallecano de Madrid,3,2
Real Sociedad de Fútbol,RCD Mallorca,1,0
CA Osasuna,Elche CF,1,1
Real Oviedo,Barcelona FC,1,3
Girona FC,RCD Espanyol de Barcelona,0,0
Getafe CF,Levante UD,1,1
Club Atlético de Madrid,Real Madrid CF,5,2
RCD Mallorca,Deportivo Alavés,1,0
Villarreal CF,Athletic Club,1,0
Rayo Vallecano de Madrid,Sevilla FC,0,1
Elche CF,RC Celta de Vigo,2,1
Barcelona FC,Real Sociedad de Fútbol,2,1
Real Betis Balompié,CA Osasuna,2,0
Valencia CF,Real Oviedo,1,2
CA Osasuna,Getafe CF,2,1
Real Oviedo,Levante UD,0,2
Girona FC,Valencia CF,2,1
Athletic Club,RCD Mallorca,2,1
Real Madrid CF,Villarreal CF,3,1
Deportivo Alavés,Elche CF,3,1
Sevilla FC,Barcelona FC,4,1
RCD Espanyol de Barcelona,Real Betis Balompié,1,2
Real Sociedad de Fútbol,Rayo Vallecano de Madrid,0,1
RC Celta de Vigo,Club Atlético de Madrid,1,1
Real Oviedo,RCD Espanyol de Barcelona,0,2
Sevilla FC,RCD Mallorca,1,3
Barcelona FC,Girona FC,2,1
Villarreal CF,Real Betis Balompié,2,2
Club Atlético de Madrid,CA Osasuna,1,0
Elche CF,Athletic Club,0,0
RC Celta de Vigo,Real Sociedad de Fútbol,1,1
Levante UD,Rayo Vallecano de Madrid,0,3
Getafe CF,Real Madrid CF,0,1
Deportivo Alavés,Valencia CF,0,0
Real Sociedad de Fútbol,Sevilla FC,2,1
Girona FC,Real Oviedo,3,3
RCD Espanyol de Barcelona,Elche CF,1,0
Athletic Club,Getafe CF,0,1
Valencia CF,Villarreal CF,0,2
RCD Mallorca,Levante UD,1,1
Real Madrid CF,Barcelona FC,2,1
CA Osasuna,RC Celta de Vigo,2,3
Rayo Vallecano de Madrid,Deportivo Alavés,1,0
Real Betis Balompié,Club Atlético de Madrid,0,2
Getafe CF,Girona FC,2,1
Villarreal CF,Rayo Vallecano de Madrid,4,0
Club Atlético de Madrid,Sevilla FC,3,0
Real Sociedad de Fútbol,Athletic Club,3,2
Real Madrid CF,Valencia CF,4,0
Levante UD,RC Celta de Vigo,1,2
Deportivo Alavés,RCD Espanyol de Barcelona,2,1
Barcelona FC,Elche CF,3,1
Real Betis Balompié,RCD Mallorca,3,0
Real Oviedo,CA Osasuna,0,0
Elche CF,Real Sociedad de Fútbol,1,1
Girona FC,Deportivo Alavés,1,0
Sevilla FC,CA Osasuna,1,0
Club Atlético de Madrid,Levante UD,3,1
RCD Espanyol de Barcelona,Villarreal CF,0,2
Athletic Club,Real Oviedo,1,0
Rayo Vallecano de Madrid,Real Madrid CF,0,0
Valencia CF,Real Betis Balompié,1,1
RCD Mallorca,Getafe CF,1,0
RC Celta de Vigo,Barcelona FC,2,4
Valencia CF,Levante UD,1,0
Deportivo Alavés,RC Celta de Vigo,0,1
Barcelona FC,Athletic Club,4,0
CA Osasuna,Real Sociedad de Fútbol,1,3
Villarreal CF,RCD Mallorca,2,1
Real Oviedo,Rayo Vallecano de Madrid,0,0
Real Betis Balompié,Girona FC,1,1
Getafe CF,Club Atlético de Madrid,0,1
Elche CF,Real Madrid CF,2,2
RCD Espanyol de Barcelona,Sevilla FC,2,1
Getafe CF,Elche CF,1,0
RCD Mallorca,CA Osasuna,2,2
Barcelona FC,Deportivo Alavés,3,1
Levante UD,Athletic Club,0,2
Club Atlético de Madrid,Real Oviedo,2,0
Real Sociedad de Fútbol,Villarreal CF,2,3
Sevilla FC,Real Betis Balompié,0,2
RC Celta de Vigo,RCD Espanyol de Barcelona,0,1
Girona FC,Real Madrid CF,1,1
Rayo Vallecano de Madrid,Valencia CF,1,1
Barcelona FC,Club Atlético de Madrid,3,1
Athletic Club,Real Madrid CF,0,3
Real Oviedo,RCD Mallorca,0,0
Villarreal CF,Getafe CF,2,0
Deportivo Alavés,Real Sociedad de Fútbol,1,0
Real Betis Balompié,Barcelona FC,3,5
Athletic Club,Club Atlético de Madrid,1,0
Elche CF,Girona FC,3,0
Valencia CF,Sevilla FC,1,1
RCD Espanyol de Barcelona,Rayo Vallecano de Madrid,1,0
Real Madrid CF,RC Celta de Vigo,0,2
CA Osasuna,Levante UD,2,0
Real Sociedad de Fútbol,Girona FC,1,2
Club Atlético de Madrid,Valencia CF,2,1
RCD Mallorca,Elche CF,3,1
Barcelona FC,CA Osasuna,2,0
Getafe CF,RCD Espanyol de Barcelona,0,1
Sevilla FC,Real Oviedo,4,0
RC Celta de Vigo,Athletic Club,2,0
Deportivo Alavés,Real Madrid CF,1,2
Rayo Vallecano de Madrid,Real Betis Balompié,0,0
Valencia CF,RCD Mallorca,1,1
Real Oviedo,RC Celta de Vigo,0,0
Levante UD,Real Sociedad de Fútbol,1,1
CA Osasuna,Deportivo Alavés,3,0
Real Madrid CF,Sevilla FC,2,0
Girona FC,Club Atlético de Madrid,0,3
Villarreal CF,Barcelona FC,0,2
Elche CF,Rayo Vallecano de Madrid,4,0
Real Betis Balompié,Getafe CF,4,0
Athletic Club,RCD Espanyol de Barcelona,1,2
Rayo Vallecano de Madrid,Getafe CF,1,1
RC Celta de Vigo,Valencia CF,4,1
CA Osasuna,Athletic Club,1,1
Elche CF,Villarreal CF,1,3
RCD Espanyol de Barcelona,Barcelona FC,0,2
Sevilla FC,Levante UD,0,3
Real Madrid CF,Real Betis Balompié,5,1
Deportivo Alavés,Real Oviedo,1,1
RCD Mallorca,Girona FC,1,2
Real Sociedad de Fútbol,Club Atlético de Madrid,1,1
Getafe CF,Real Sociedad de Fútbol,1,2
Real Oviedo,Real Betis Balompié,1,1
Villarreal CF,Deportivo Alavés,3,1
Girona FC,CA Osasuna,1,0
Valencia CF,Elche CF,1,1
Rayo Vallecano de Madrid,RCD Mallorca,2,1
Levante UD,RCD Espanyol de Barcelona,1,1
Sevilla FC,RC Celta de Vigo,0,1
RCD Espanyol de Barcelona,Girona FC,0,2
Real Madrid CF,Levante UD,2,0
RCD Mallorca,Athletic Club,3,2
CA Osasuna,Real Oviedo,3,2
Real Betis Balompié,Villarreal CF,2,0
Getafe CF,Valencia CF,0,1
Club Atlético de Madrid,Deportivo Alavés,1,0
RC Celta de Vigo,Rayo Vallecano de Madrid,3,0
Real Sociedad de Fútbol,Barcelona FC,2,1
Elche CF,Sevilla FC,2,2
Levante UD,Elche CF,3,2
Rayo Vallecano de Madrid,CA Osasuna,1,3
Valencia CF,RCD Espanyol de Barcelona,3,2
Sevilla FC,Athletic Club,2,1
Villarreal CF,Real Madrid CF,0,2
Club Atlético de Madrid,RCD Mallorca,3,0
Barcelona FC,Real Oviedo,3,0
Real Sociedad de Fútbol,RC Celta de Vigo,3,1
Deportivo Alavés,Real Betis Balompié,2,1
Girona FC,Getafe CF,1,1
RCD Espanyol de Barcelona,Deportivo Alavés,1,2
Real Oviedo,Girona FC,1,0
CA Osasuna,Villarreal CF,2,2
Levante UD,Club Atlético de Madrid,0,0
Elche CF,Barcelona FC,1,3
Real Madrid CF,Rayo Vallecano de Madrid,2,1
Real Betis Balompié,Valencia CF,2,1
Getafe CF,RC Celta de Vigo,0,0
Athletic Club,Real Sociedad de Fútbol,1,1
RCD Mallorca,Sevilla FC,4,1
RC Celta de Vigo,CA Osasuna,0,0
Rayo Vallecano de Madrid,Real Oviedo,0,0
Barcelona FC,RCD Mallorca,0,0
Sevilla FC,Girona FC,0,0
Real Sociedad de Fútbol,Elche CF,0,0
Deportivo Alavés,Getafe CF,0,0
Athletic Club,Levante UD,0,0
Club Atlético de Madrid,Real Betis Balompié,0,0
Valencia CF,Real Madrid CF,0,0
Villarreal CF,RCD Espanyol de Barcelona,0,0
Elche CF,CA Osasuna,0,0
RCD Espanyol de Barcelona,RC Celta de Vigo,0,0
Rayo Vallecano de Madrid,Club Atlético de Madrid,0,0
Sevilla FC,Deportivo Alavés,0,0
Real Madrid CF,Real Sociedad de Fútbol,0,0
Real Oviedo,Athletic Club,0,0
Getafe CF,Villarreal CF,0,0
Levante UD,Valencia CF,0,0
RCD Mallorca,Real Betis Balompié,0,0
Girona FC,Barcelona FC,0,0
Levante UD,Villarreal CF,0,0
Athletic Club,Elche CF,0,0
Real Sociedad de Fútbol,Real Oviedo,0,0
Real Betis Balompié,Rayo Vallecano de Madrid,0,0
CA Osasuna,Real Madrid CF,0,0
Club Atlético de Madrid,RCD Espanyol de Barcelona,0,0
Getafe CF,Sevilla FC,0,0
Barcelona FC,Levante UD,0,0
RC Celta de Vigo,RCD Mallorca,0,0
Villarreal CF,Valencia CF,0,0
Deportivo Alavés,Girona FC,0,0
Barcelona FC,Villarreal CF,0,0
Real Betis Balompié,Sevilla FC,0,0
Elche CF,RCD Espanyol de Barcelona,0,0
RCD Mallorca,Real Sociedad de Fútbol,0,0
Levante UD,Deportivo Alavés,0,0
Rayo Vallecano de Madrid,Athletic Club,0,0
Real Oviedo,Club Atlético de Madrid,0,0
Girona FC,RC Celta de Vigo,0,0
Real Madrid CF,Getafe CF,0,0
Valencia CF,CA Osasuna,0,0
Athletic Club,Barcelona FC,0,0
Club Atlético de Madrid,Real Sociedad de Fútbol,0,0
RC Celta de Vigo,Real Madrid CF,0,0
RCD Espanyol de Barcelona,Real Oviedo,0,0
Valencia CF,Deportivo Alavés,0,0
Getafe CF,Real Betis Balompié,0,0
Villarreal CF,Elche CF,0,0
Levante UD,Girona FC,0,0
CA Osasuna,RCD Mallorca,0,0
Sevilla FC,Rayo Vallecano de Madrid,0,0
Deportivo Alavés,Villarreal CF,0,0
Club Atlético de Madrid,Getafe CF,0,0
Barcelona FC,Sevilla FC,0,0
Real Betis Balompié,RC Celta de Vigo,0,0
Real Oviedo,Valencia CF,0,0
Girona FC,Athletic Club,0,0
Real Madrid CF,Elche CF,0,0
RCD Mallorca,RCD Espanyol de Barcelona,0,0
Rayo Vallecano de Madrid,Levante UD,0,0
Real Sociedad de Fútbol,CA Osasuna,0,0
Athletic Club,Real Betis Balompié,0,0
Barcelona FC,Rayo Vallecano de Madrid,0,0
Elche CF,RCD Mallorca,0,0
RCD Espanyol de Barcelona,Getafe CF,0,0
Levante UD,Real Oviedo,0,0
Sevilla FC,Valencia CF,0,0
RC Celta de Vigo,Deportivo Alavés,0,0
Real Madrid CF,Club Atlético de Madrid,0,0
CA Osasuna,Girona FC,0,0
Villarreal CF,Real Sociedad de Fútbol,0,0
Deportivo Alavés,CA Osasuna,0,0
Club Atlético de Madrid,Barcelona FC,0,0
Real Betis Balompié,RCD Espanyol de Barcelona,0,0
Girona FC,Villarreal CF,0,0
RCD Mallorca,Real Madrid CF,0,0
Real Oviedo,Sevilla FC,0,0
Getafe CF,Athletic Club,0,0
Valencia CF,RC Celta de Vigo,0,0
Rayo Vallecano de Madrid,Elche CF,0,0
Real Sociedad de Fútbol,Levante UD,0,0
Barcelona FC,RCD Espanyol de Barcelona,0,0
RC Celta de Vigo,Real Oviedo,0,0
Elche CF,Valencia CF,0,0
RCD Mallorca,Rayo Vallecano de Madrid,0,0
Real Sociedad de Fútbol,Deportivo Alavés,0,0
Sevilla FC,Club Atlético de Madrid,0,0
CA Osasuna,Real Betis Balompié,0,0
Levante UD,Getafe CF,0,0
Real Madrid CF,Girona FC,0,0
Athletic Club,Villarreal CF,0,0
Deportivo Alavés,RCD Mallorca,0,0
Real Betis Balompié,Real Madrid CF,0,0
RCD Espanyol de Barcelona,Levante UD,0,0
CA Osasuna,Sevilla FC,0,0
Rayo Vallecano de Madrid,Real Sociedad de Fútbol,0,0
Club Atlético de Madrid,Athletic Club,0,0
Getafe CF,Barcelona FC,0,0
Villarreal CF,RC Celta de Vigo,0,0
Real Oviedo,Elche CF,0,0
Valencia CF,Girona FC,0,0
Athletic Club,CA Osasuna,0,0
Barcelona FC,RC Celta de Vigo,0,0
Levante UD,Sevilla FC,0,0
RCD Mallorca,Valencia CF,0,0
Real Oviedo,Villarreal CF,0,0
Real Madrid CF,Deportivo Alavés,0,0
Elche CF,Club Atlético de Madrid,0,0
Girona FC,Real Betis Balompié,0,0
Rayo Vallecano de Madrid,RCD Espanyol de Barcelona,0,0
Real Sociedad de Fútbol,Getafe CF,0,0
Deportivo Alavés,Athletic Club,0,0
Real Betis Balompié,Real Oviedo,0,0
RC Celta de Vigo,Elche CF,0,0
RCD Espanyol de Barcelona,Real Madrid CF,0,0
Getafe CF,Rayo Vallecano de Madrid,0,0
Girona FC,RCD Mallorca,0,0
Valencia CF,Club Atlético de Madrid,0,0
CA Osasuna,Barcelona FC,0,0
Villarreal CF,Levante UD,0,0
Sevilla FC,Real Sociedad de Fútbol,0,0
Athletic Club,Valencia CF,0,0
Club Atlético de Madrid,RC Celta de Vigo,0,0
Barcelona FC,Real Madrid CF,0,0
Levante UD,CA Osasuna,0,0
RCD Mallorca,Villarreal CF,0,0
Elche CF,Deportivo Alavés,0,0
Real Sociedad de Fútbol,Real Betis Balompié,0,0
Sevilla FC,RCD Espanyol de Barcelona,0,0
Real Oviedo,Getafe CF,0,0
Rayo Vallecano de Madrid,Girona FC,0,0
Deportivo Alavés,Barcelona FC,0,0
Real Betis Balompié,Elche CF,0,0
RC Celta de Vigo,Levante UD,0,0
Getafe CF,RCD Mallorca,0,0
Girona FC,Real Sociedad de Fútbol,0,0
RCD Espanyol de Barcelona,Athletic Club,0,0
CA Osasuna,Club Atlético de Madrid,0,0
Valencia CF,Rayo Vallecano de Madrid,0,0
Villarreal CF,Sevilla FC,0,0
Real Madrid CF,Real Oviedo,0,0
Athletic Club,RC Celta de Vigo,0,0
Club Atlético de Madrid,Girona FC,0,0
Barcelona FC,Real Betis Balompié,0,0
Elche CF,Getafe CF,0,0
Levante UD,RCD Mallorca,0,0
Rayo Vallecano de Madrid,Villarreal CF,0,0
Real Sociedad de Fútbol,Valencia CF,0,0
Real Oviedo,Deportivo Alavés,0,0
CA Osasuna,RCD Espanyol de Barcelona,0,0
Sevilla FC,Real Madrid CF,0,0
Deportivo Alavés,Rayo Vallecano de Madrid,0,0
Real Betis Balompié,Levante UD,0,0
RC Celta de Vigo,Sevilla FC,0,0
RCD Espanyol de Barcelona,Real Sociedad de Fútbol,0,0
Getafe CF,CA Osasuna,0,0
RCD Mallorca,Real Oviedo,0,0
Real Madrid CF,Athletic Club,0,0
Villarreal CF,Club Atlético de Madrid,0,0
Valencia CF,Barcelona FC,0,0
Girona FC,Elche CF,0,0
